gene,baseMean,log2FoldChange,lfcSE,stat,pvalue,padj
NTS,66.02934591,5.763722436,0.704078593,8.186191846,2.70E-16,1.32E-13
LTF,136.5255059,4.867948065,0.621539129,7.832086253,4.80E-15,1.56E-12
SERPINA3,1080.408023,3.875217979,0.510843645,7.58591795,3.30E-14,8.33E-12
FNDC1,51.19130143,3.295172914,0.51904072,6.348582664,2.17E-10,1.50E-08
CHI3L2,217.9579111,3.129276299,0.565106264,5.537500644,3.07E-08,9.81E-07
MYLK3,107.9256234,3.0429727,0.595656413,5.10860394,3.25E-07,7.30E-06
AQP1,2874.498838,3.022431426,0.466453735,6.479595298,9.20E-11,7.32E-09
LOC107985088,93.86713915,2.743229276,0.360610687,7.607176877,2.80E-14,7.13E-12
CABP7,274.3779391,2.620039345,0.298186687,8.786573839,1.54E-18,1.79E-15
LOC105378850,83.2196978,2.61068808,0.405804336,6.433366643,1.25E-10,9.64E-09
TNC,1605.533835,2.586530048,0.326040607,7.933153078,2.14E-15,8.15E-13
RASSF9,56.57628952,2.562199054,0.405323001,6.321375908,2.59E-10,1.75E-08
LINC01088,74.50691776,2.495586508,0.352756054,7.07453913,1.50E-12,2.27E-10
FIBCD1,129.2615842,2.476819186,0.439960083,5.629645237,1.81E-08,6.36E-07
SLC47A2,60.46086658,2.425821172,0.409146143,5.928984576,3.05E-09,1.41E-07
CD44,1103.242031,2.348344018,0.282359773,8.316850505,9.03E-17,5.33E-14
FOXJ1,83.8947091,2.345290862,0.445941685,5.259187339,1.45E-07,3.66E-06
SERPINE1,122.9405697,2.342105684,0.317321337,7.38086417,1.57E-13,3.26E-11
RGS1,586.5058321,2.337525749,0.412011522,5.673447529,1.40E-08,5.13E-07
CAPS,295.2017607,2.335663926,0.369380264,6.323196322,2.56E-10,1.73E-08
CH25H,255.1547444,2.32781207,0.388667387,5.989213779,2.11E-09,1.03E-07
CPAMD8,335.8776462,2.321050174,0.44473205,5.218985616,1.80E-07,4.40E-06
PIRT,177.0126872,2.256306787,0.323865988,6.966791416,3.24E-12,4.41E-10
SLC14A1,722.7300174,2.245668386,0.226655175,9.907862823,3.85E-23,2.01E-19
LIPG,119.1805895,2.162841566,0.390763695,5.534909181,3.11E-08,9.92E-07
CYP4F3,78.65833656,2.126050724,0.383549605,5.543091941,2.97E-08,9.56E-07
PPP1R13L,86.33971402,2.081519059,0.29906803,6.960018615,3.40E-12,4.59E-10
IP6K3,173.4992519,1.953931395,0.367949202,5.310329212,1.09E-07,2.90E-06
CRISPLD1,252.5827116,1.940217736,0.246685838,7.865136288,3.69E-15,1.28E-12
RASL12,412.0006355,1.914729757,0.232450609,8.237146674,1.76E-16,9.35E-14
METTL7B,56.37848285,1.90860815,0.344747463,5.536250028,3.09E-08,9.87E-07
C10orf105,193.2938478,1.902622743,0.282705475,6.730052683,1.70E-11,1.80E-09
SRPX,162.6969662,1.902571388,0.234369543,8.117826927,4.75E-16,2.15E-13
CD38,387.5512703,1.881039274,0.228850253,8.219520186,2.04E-16,1.07E-13
GABRQ,390.4951777,1.87412531,0.405105825,4.626261076,3.72E-06,5.74E-05
KCNE5,51.4007309,1.873057447,0.309367508,6.05447372,1.41E-09,7.26E-08
MASP1,432.667348,1.862539601,0.235497959,7.908941575,2.60E-15,9.56E-13
ITGB4,1240.224408,1.803045442,0.220464771,8.178383487,2.88E-16,1.36E-13
KIF19,192.3446213,1.778352056,0.356843599,4.983561593,6.24E-07,1.28E-05
ANGPT1,247.3700992,1.773457941,0.266622865,6.651559829,2.90E-11,2.77E-09
CHST9,149.21903,1.757490492,0.189557316,9.271551915,1.83E-20,3.38E-17
GPD1,490.2641377,1.7404652,0.220973029,7.876369373,3.37E-15,1.18E-12
CCDC80,604.6652093,1.731827365,0.252905295,6.847730753,7.50E-12,8.77E-10
FOS,1629.510344,1.715062462,0.402610048,4.259860054,2.05E-05,0.000236079
DNAH11,60.43007911,1.706201887,0.377495721,4.519791334,6.19E-06,8.80E-05
NMB,109.4629368,1.704802548,0.19566295,8.712955369,2.96E-18,2.89E-15
ARRDC4,1901.603222,1.703059353,0.247794741,6.872863192,6.29E-12,7.63E-10
SLC11A1,82.9802065,1.697020879,0.262213952,6.471893904,9.68E-11,7.63E-09
CHST6,838.0941653,1.685272608,0.2337494,7.209740884,5.61E-13,9.72E-11
LOC105369309,57.54714598,1.679856674,0.302638949,5.550695575,2.85E-08,9.25E-07
CCDC141,74.68547714,1.671448125,0.287484182,5.814052488,6.10E-09,2.54E-07
USH1C,298.5691938,1.670879486,0.241883261,6.907792957,4.92E-12,6.20E-10
POU3F1,65.61551377,1.657776229,0.316936389,5.230627621,1.69E-07,4.20E-06
EGR2,207.4406574,1.593642978,0.426666241,3.735104454,0.000187637,0.001438568
SBSPON,64.21396101,1.573918641,0.358083889,4.395390831,1.11E-05,0.000140407
PLIN1,159.9066823,1.572455375,0.218918008,7.182850741,6.83E-13,1.15E-10
GYG2,265.2549672,1.567681159,0.211333651,7.41803849,1.19E-13,2.51E-11
SLC5A11,340.1933001,1.566657145,0.381207478,4.109723008,3.96E-05,0.000406769
SLC6A9,378.6339516,1.561589482,0.224679488,6.950298386,3.65E-12,4.87E-10
ADAMTS18,109.6523949,1.560885431,0.624471498,2.499530298,0.012435806,0.042656442
DNAH12,58.14122489,1.557480775,0.245639471,6.340515098,2.29E-10,1.58E-08
STEAP3,103.1199208,1.556741214,0.229063366,6.796116023,1.07E-11,1.19E-09
SPARC,11192.14597,1.546898685,0.258728282,5.978854241,2.25E-09,1.09E-07
GALNT15,2108.13012,1.545221658,0.20301143,7.611500794,2.71E-14,6.95E-12
IGSF1,241.9051532,1.539079399,0.229654729,6.701710008,2.06E-11,2.11E-09
F5,128.1293258,1.537336718,0.268840636,5.718394138,1.08E-08,4.12E-07
HAPLN2,877.9748269,1.528079803,0.284341764,5.374095521,7.70E-08,2.15E-06
SGK1,2431.791075,1.524931805,0.24831778,6.141049607,8.20E-10,4.67E-08
GPIHBP1,255.1590717,1.52274048,0.288270367,5.282334418,1.28E-07,3.30E-06
HAGLR,141.0468076,1.521620343,0.429987957,3.538751068,0.000402025,0.002666077
CCDC190,59.26218472,1.5213767,0.27435135,5.545358907,2.93E-08,9.47E-07
KANK4,55.57475913,1.519502011,0.330532612,4.597131885,4.28E-06,6.43E-05
TJP2,3286.588344,1.51189171,0.209338692,7.222227735,5.11E-13,8.99E-11
LPAR4,86.4726162,1.50216037,0.225622467,6.657849229,2.78E-11,2.68E-09
CCL2,67.77019278,1.50213948,0.381742488,3.934954917,8.32E-05,0.000739644
LOC105370452,57.38441643,1.489577755,0.489970419,3.040138133,0.002364697,0.011248269
WDR49,418.5946534,1.487852679,0.223762648,6.649245036,2.95E-11,2.81E-09
NPY2R-AS1,62.89095564,1.47480227,0.484718384,3.042596109,0.002345469,0.011179142
CCDC163,147.7673402,1.466419396,0.240209226,6.104758834,1.03E-09,5.61E-08
SPP1,3880.900488,1.459119113,0.302967507,4.816091094,1.46E-06,2.64E-05
CTXN3,68.66152237,1.456921413,0.472626226,3.082608059,0.002051952,0.010037755
PRR29,56.05981623,1.454765972,0.214159801,6.792899348,1.10E-11,1.21E-09
ALPK1,135.9983779,1.449225734,0.197436733,7.340203172,2.13E-13,4.17E-11
RRAD,55.71504323,1.439484383,0.259376297,5.549791556,2.86E-08,9.28E-07
LINC00609,96.60304709,1.436712986,0.337739236,4.253911991,2.10E-05,0.000241551
TF,12327.88627,1.429885056,0.323310698,4.422634524,9.75E-06,0.000126902
GMPR,137.2507993,1.416794398,0.28729147,4.931557481,8.16E-07,1.60E-05
FAM95C,83.26472793,1.405208128,0.340042642,4.132446799,3.59E-05,0.000376339
PCSK6,750.6300615,1.402989595,0.336685154,4.167066999,3.09E-05,0.00033106
DNAH17,312.9733917,1.401999527,0.368377262,3.805879659,0.000141301,0.001137096
GJB1,592.0838725,1.40065522,0.350612916,3.994876272,6.47E-05,0.000604541
PLPP4,225.3815326,1.392794626,0.139926796,9.953737686,2.43E-23,1.68E-19
PIFO,110.1504009,1.385803194,0.274115515,5.055544539,4.29E-07,9.22E-06
KLK6,689.3227138,1.385371526,0.407003522,3.403831787,0.000664477,0.003995031
NPY2R,126.491857,1.37320364,0.472216437,2.907996278,0.003637527,0.015877642
FLNC,1028.008019,1.372164915,0.221054758,6.207352986,5.39E-10,3.24E-08
APLNR,2448.395651,1.370971587,0.274331263,4.997504,5.81E-07,1.20E-05
LINC02642,75.44131533,1.369646686,0.310066484,4.417267766,1.00E-05,0.000129471
NKX6-2,894.2309243,1.367351831,0.375707148,3.639408615,0.000273265,0.001952035
MARCHF3,125.8269765,1.367261139,0.20511212,6.665920747,2.63E-11,2.57E-09
SMIM5,98.46346227,1.360489556,0.369828301,3.67870591,0.00023442,0.001724964
DAAM2,7374.62729,1.350893341,0.211816073,6.377671537,1.80E-10,1.29E-08
LOC102724289,63.81053331,1.344975726,0.259647771,5.180001052,2.22E-07,5.29E-06
GADD45G,133.0565585,1.344742146,0.24650154,5.455309314,4.89E-08,1.46E-06
DNAJC22,54.34260214,1.337948209,0.291055846,4.596877971,4.29E-06,6.44E-05
SLC45A3,398.652411,1.337184612,0.381262172,3.507257497,0.000452751,0.002926791
SELL,101.6115701,1.336304926,0.251898293,5.304938395,1.13E-07,2.97E-06
LOC105375999,112.3175416,1.330905136,0.257319042,5.172198395,2.31E-07,5.49E-06
FA2H,869.2978285,1.329143254,0.36588597,3.632670729,0.000280503,0.001993724
MIR23AHG,73.33384919,1.325891388,0.295881242,4.481160689,7.42E-06,0.000101786
PDPN,196.5810084,1.323903495,0.185569521,7.134272303,9.73E-13,1.54E-10
WWTR1,962.7781548,1.322502505,0.220050096,6.01000649,1.86E-09,9.29E-08
DUSP1,1075.195432,1.322303399,0.269897481,4.899280258,9.62E-07,1.84E-05
B3GAT2,750.1934053,1.321804959,0.188152744,7.025169707,2.14E-12,3.07E-10
CLDN11,3262.376749,1.319974297,0.333951287,3.952595328,7.73E-05,0.000698273
MAG,5253.608394,1.319937766,0.346718705,3.806941328,0.000140696,0.001133102
NINJ2,205.9429524,1.319772173,0.297059294,4.44279038,8.88E-06,0.00011742
SPHKAP,1284.787759,1.318232084,0.23680579,5.566722344,2.60E-08,8.59E-07
CD36,51.77074774,1.314996364,0.400244485,3.285482784,0.001018078,0.005643801
C1QTNF1,107.335227,1.314962592,0.242880415,5.414033044,6.16E-08,1.77E-06
ADAMTS9,203.3405428,1.312196276,0.20576838,6.377055014,1.81E-10,1.29E-08
CEBPD,367.357128,1.308864074,0.226504556,5.778533096,7.54E-09,3.01E-07
ANLN,3436.102911,1.305082615,0.35008988,3.727850161,0.00019312,0.001470156
HSPB8,2085.662954,1.303642505,0.189671685,6.873152979,6.28E-12,7.63E-10
TMEM88B,956.6740183,1.303379132,0.370009148,3.522559206,0.000427402,0.002798188
CHST3,597.6580767,1.299053642,0.191512499,6.783127201,1.18E-11,1.28E-09
SLC24A3,627.9708462,1.296433858,0.29040849,4.464173402,8.04E-06,0.00010854
PRR18,884.548647,1.289551774,0.317997451,4.055226768,5.01E-05,0.000490479
NIPAL4,143.7323379,1.285419029,0.370495129,3.469462693,0.0005215,0.003288333
GEM,142.4138799,1.285064084,0.17550842,7.321951169,2.44E-13,4.72E-11
CD99,906.6383643,1.284330742,0.232957772,5.513148286,3.52E-08,1.11E-06
CARNS1,3027.242526,1.284091302,0.408916972,3.140225008,0.001688181,0.008591381
ELOVL1,989.6075126,1.282151715,0.296087655,4.330311291,1.49E-05,0.000181345
ANKRD18A,336.2818475,1.280738925,0.316260333,4.04963504,5.13E-05,0.000500293
FOLH1,882.9891044,1.279017754,0.34982947,3.656117809,0.000256064,0.001852363
TPPP3,1432.702577,1.276994964,0.209161154,6.105316114,1.03E-09,5.60E-08
ARRDC2,1122.23983,1.275938952,0.235138776,5.426323008,5.75E-08,1.67E-06
SGK2,236.8113777,1.271530505,0.34448862,3.691066795,0.000223315,0.001654142
LINC01561,56.3612526,1.270768871,0.184963864,6.870362916,6.40E-12,7.74E-10
UGT8,2927.6579,1.270436048,0.33951531,3.741910921,0.000182626,0.001404279
ID3,369.7467204,1.270139299,0.182077952,6.975799564,3.04E-12,4.21E-10
PPP1R14A,361.5205253,1.253549554,0.344978135,3.633707258,0.000279378,0.001987534
HSPA2,3512.330935,1.251120403,0.290453549,4.307471565,1.65E-05,0.000196899
NUPR1,233.4327158,1.24851114,0.202900779,6.15330876,7.59E-10,4.37E-08
TTYH2,2527.955508,1.248070754,0.278860201,4.475614482,7.62E-06,0.000103783
TMEM63A,1699.798596,1.244860182,0.35048193,3.551852681,0.000382529,0.002559574
GALNT6,306.2514839,1.243769564,0.355629786,3.497371736,0.000469867,0.003015009
AEBP1,926.3522788,1.242993148,0.280768662,4.427107855,9.55E-06,0.00012508
SPSB1,171.3438723,1.242572138,0.21272663,5.841168734,5.18E-09,2.20E-07
TMEM144,4288.582742,1.24171457,0.330467373,3.757449812,0.000171654,0.001332681
ACSM5,155.3005656,1.240669877,0.231866644,5.35079068,8.76E-08,2.39E-06
LRRC63,101.6456747,1.23754333,0.384603324,3.21771356,0.001292168,0.006907458
THEMIS2,200.4362458,1.23566724,0.207189605,5.963944182,2.46E-09,1.17E-07
RBP7,75.95702837,1.235074819,0.371896165,3.321020588,0.000896889,0.005076315
MYRF,3193.810401,1.234750022,0.370012868,3.337046165,0.000846739,0.004839745
ABI3BP,201.0021608,1.221299471,0.227443667,5.369678946,7.89E-08,2.19E-06
CMTM5,519.5289047,1.221028713,0.298284186,4.093508033,4.25E-05,0.000430231
CHADL,577.3665841,1.220078694,0.289860842,4.209187714,2.56E-05,0.000283751
CNDP1,2297.00174,1.219973303,0.327529448,3.724774395,0.00019549,0.001485407
MOBP,12756.25192,1.218309152,0.40879616,2.980236293,0.002880261,0.013156422
SLC1A5,99.58829257,1.218119455,0.170718437,7.135254282,9.66E-13,1.54E-10
DBNDD2,432.9637641,1.217239808,0.344587136,3.532458649,0.000411715,0.002711942
PRR5L,321.0086287,1.215596239,0.281993478,4.310724655,1.63E-05,0.000194395
OLR1,385.5896691,1.214021313,0.2517133,4.823032052,1.41E-06,2.57E-05
LINC01094,638.2744941,1.212883459,0.297542238,4.076340451,4.58E-05,0.000456595
S1PR3,198.6111682,1.210256163,0.238813272,5.067792734,4.02E-07,8.78E-06
SMOC1,745.6622718,1.209023478,0.137826216,8.77208645,1.75E-18,1.93E-15
FAM189A2,302.4439174,1.208852867,0.169389154,7.136542335,9.57E-13,1.54E-10
LOC105377382,58.41874945,1.208225262,0.42704291,2.829283035,0.004665242,0.019422469
ADORA3,117.1072925,1.207966169,0.182209286,6.629553278,3.37E-11,3.17E-09
LDB3,539.5403895,1.207021339,0.346663765,3.481821466,0.000498016,0.003170922
CD9,1206.349187,1.204436824,0.239840505,5.021824085,5.12E-07,1.07E-05
ITGA2,444.8484477,1.202256847,0.269893686,4.454557138,8.41E-06,0.000112501
ENPP2,4988.430283,1.201247969,0.33678894,3.566767866,0.000361411,0.002442074
VCAN,6255.075654,1.197787364,0.168900314,7.0916823,1.32E-12,2.01E-10
CYB5R2,243.2243662,1.197430926,0.320035931,3.741551528,0.000182888,0.001405943
CLCA4,137.3225894,1.193718561,0.325632668,3.66584399,0.000246524,0.001795867
GPR37,3239.148109,1.190823895,0.336613262,3.537661855,0.000403687,0.00267483
JUNB,879.6580687,1.189155313,0.268668503,4.426106149,9.59E-06,0.000125504
GPR62,296.0509199,1.188706637,0.315423692,3.76860289,0.000164164,0.001284732
S1PR5,395.9085959,1.1861174,0.348046775,3.407925273,0.000654588,0.003954577
C3AR1,220.8230817,1.184057443,0.210205845,5.632847377,1.77E-08,6.29E-07
ADAMTS4,1194.208032,1.183909313,0.394132112,3.003838753,0.002665966,0.012384965
SEMA3B,1732.794067,1.183077517,0.277600003,4.26180657,2.03E-05,0.000234465
TMEM74,469.3775986,1.175574134,0.206028958,5.705868454,1.16E-08,4.38E-07
TAB2-AS1,121.9473952,1.173660178,0.350584865,3.34772061,0.000814791,0.004702672
HK2,335.6833902,1.173659995,0.20860266,5.626294491,1.84E-08,6.47E-07
PLLP,1708.699603,1.172933871,0.29110667,4.029223615,5.60E-05,0.000536927
PDK4,1441.792724,1.171413793,0.15709486,7.456728946,8.87E-14,2.00E-11
CNP,19407.25275,1.171403639,0.308889846,3.792302189,0.000149257,0.001191316
ERBB3,1527.283692,1.17103238,0.316303651,3.702241114,0.000213703,0.001597694
MOB3B,802.2055902,1.16782715,0.215830832,5.410844875,6.27E-08,1.80E-06
FAM107B,2222.49789,1.167396522,0.339596802,3.437595746,0.000586903,0.003621899
LIPE,469.5789941,1.166530799,0.287413344,4.058721776,4.93E-05,0.000484714
TMC6,920.1940127,1.16495076,0.299431535,3.890541323,0.000100021,0.000857854
SCIN,185.3432988,1.163459541,0.285625245,4.073377824,4.63E-05,0.000461415
CCN1,129.1873853,1.163430701,0.333522032,3.488317384,0.000486071,0.00310371
PLEKHH1,4751.293125,1.163061353,0.369555111,3.147193259,0.00164846,0.008427615
LOC101928832,77.04041782,1.162074667,0.35936744,3.233667101,0.001222118,0.006588152
STON1,57.22921588,1.161070338,0.254560618,4.561076045,5.09E-06,7.44E-05
C10orf90,666.9353142,1.160083403,0.316622412,3.663933309,0.000248371,0.001804702
ST18,1897.113268,1.159465547,0.351513359,3.298496394,0.000972041,0.005422219
RTKN,1034.331011,1.154993929,0.276017935,4.184488695,2.86E-05,0.000310607
RASGRP3,766.9197445,1.154030941,0.31374481,3.67824711,0.000234842,0.001727256
ADAMTS14,100.152424,1.153282028,0.445022347,2.591514867,0.009555441,0.034547105
C5AR2,63.7939739,1.153174188,0.303976529,3.793629041,0.000148461,0.001185584
FGF1,5217.69756,1.152143079,0.188583357,6.109463179,1.00E-09,5.49E-08
SFRP4,70.13693782,1.151375852,0.273842888,4.204512527,2.62E-05,0.000288964
CFAP47,121.8047982,1.150318933,0.303742144,3.787156164,0.000152381,0.001210693
ERMN,9669.906862,1.148281694,0.391555082,2.932618545,0.003361166,0.014869219
LOC105370169,84.2732056,1.148190704,0.369405223,3.108214593,0.001882213,0.009354969
TSPAN15,635.6291354,1.147108129,0.296709398,3.866099751,0.00011059,0.000928147
GLIS3,459.4865399,1.143829455,0.182532691,6.266436162,3.69E-10,2.36E-08
SFRP2,416.0327859,1.143444928,0.255033251,4.483513116,7.34E-06,0.000101022
SYTL4,196.8715077,1.143101712,0.218508938,5.231372784,1.68E-07,4.19E-06
LINC01354,78.32241123,1.139986484,0.222954327,5.11309423,3.17E-07,7.18E-06
LGR5,206.1274334,1.138658585,0.337094811,3.377858534,0.000730527,0.004309954
LRRC1,299.5109541,1.131033562,0.237589952,4.760443575,1.93E-06,3.33E-05
NAPSB,67.38604164,1.129003204,0.255787189,4.413837966,1.02E-05,0.00013092
GLDN,1773.584954,1.127892649,0.393119207,2.869085587,0.004116604,0.017516701
TMEM125,472.8876815,1.127318935,0.342973534,3.286897747,0.001012976,0.005618507
FAM178B,55.59805916,1.1266827,0.355352284,3.170607734,0.001521204,0.007889182
CHST8,104.6563513,1.126525282,0.282550931,3.986981321,6.69E-05,0.000621113
CDC42EP1,720.94026,1.125755727,0.314155487,3.583434872,0.000339105,0.002317084
CERCAM,2872.751632,1.124974646,0.420383004,2.676070715,0.007449093,0.028347632
FOSB,235.3081777,1.124675887,0.382117373,2.943273364,0.003247615,0.014468373
MYO1E,736.0010538,1.124510173,0.280714911,4.005879739,6.18E-05,0.000581237
ANTXR1,1976.858359,1.124452013,0.189488103,5.934156255,2.95E-09,1.37E-07
CPXM2,81.64775616,1.123854663,0.247675104,4.537616597,5.69E-06,8.19E-05
RGS9,136.9423308,1.122547736,0.179538028,6.252423212,4.04E-10,2.55E-08
ELN,229.6150454,1.122477684,0.201398053,5.573428683,2.50E-08,8.30E-07
RHOU,2409.788257,1.119704963,0.245819345,4.554991242,5.24E-06,7.63E-05
TMEM235,419.0572425,1.118988665,0.376212604,2.974351875,0.002936082,0.013365943
SH3TC1,256.7960657,1.118949854,0.14875435,7.522131992,5.39E-14,1.31E-11
FPR1,131.9310023,1.11751365,0.207932746,5.374399525,7.68E-08,2.14E-06
S100A10,182.8814594,1.117200333,0.21619566,5.167542828,2.37E-07,5.60E-06
SIGLEC14,58.88834257,1.116925757,0.204005625,5.47497531,4.38E-08,1.33E-06
TPTEP1,56.50903029,1.116871797,0.312409182,3.57502872,0.000350189,0.00237673
CTNNA3,1750.362971,1.116686063,0.334231473,3.341055984,0.000834604,0.004782617
TMCC3,980.5208393,1.115343176,0.245476778,4.54357917,5.53E-06,7.98E-05
DOCK5,1855.674346,1.112920556,0.319480666,3.48353022,0.000494847,0.003153316
ANGPTL4,239.6267332,1.110981737,0.199049936,5.581422214,2.39E-08,8.03E-07
LINC03013,306.6873223,1.110405873,0.320264636,3.467151062,0.000526006,0.003311405
EFEMP1,1146.868486,1.109775034,0.21854048,5.078121142,3.81E-07,8.35E-06
AQP4-AS1,63.14469323,1.109723568,0.294386917,3.769608989,0.000163503,0.001281166
IL20RA,70.56462635,1.107964476,0.200657337,5.521674375,3.36E-08,1.06E-06
ALDH1A1,1295.705196,1.106868759,0.202576858,5.463944755,4.66E-08,1.40E-06
CCN2,459.431503,1.106058717,0.207666066,5.326140843,1.00E-07,2.70E-06
PIEZO2,880.6266271,1.105289989,0.419490834,2.634837048,0.008417768,0.031250016
KLHL6,53.09745875,1.105074959,0.194173334,5.691177766,1.26E-08,4.70E-07
IER2,349.4113022,1.104481918,0.241225148,4.578635058,4.68E-06,6.93E-05
ABCA8,1421.353073,1.102171447,0.32305009,3.411766417,0.000645434,0.003908329
GAL3ST1,203.8613662,1.102006241,0.28472578,3.870412588,0.000108651,0.000916302
LIX1,1056.28328,1.099841499,0.167009395,6.585506744,4.53E-11,4.04E-09
MPZ,51.20977606,1.099343143,0.429550874,2.559285081,0.010488769,0.03720356
MBP,112250.9619,1.098828394,0.412259675,2.665379275,0.007690154,0.02907668
PRRX1,341.0243219,1.095448842,0.157203932,6.968329784,3.21E-12,4.38E-10
LDLRAP1,385.5476666,1.095023547,0.308295679,3.551861487,0.000382516,0.002559574
SOX10,1285.564586,1.094341665,0.285422113,3.834116607,0.000126016,0.001035376
APLN,598.5943857,1.093176022,0.172597202,6.333683348,2.39E-10,1.63E-08
COL4A5,1599.624008,1.092625064,0.320496301,3.409165915,0.000651618,0.00394044
EFS,590.6977402,1.0920752,0.269530498,4.051768569,5.08E-05,0.000496699
SPATA18,51.54574211,1.091138538,0.332405781,3.282549819,0.001028728,0.005695259
EFHD1,1645.420768,1.091074936,0.231853355,4.705883759,2.53E-06,4.17E-05
ADGRE5,163.8408015,1.088585093,0.212000427,5.134825001,2.82E-07,6.49E-06
HOMER3,306.4414372,1.085049803,0.131529716,8.249465108,1.59E-16,8.58E-14
ZNF488,418.4024766,1.08185848,0.139197303,7.772122429,7.72E-15,2.34E-12
SPX,682.5337244,1.081827507,0.192308113,5.625490737,1.85E-08,6.49E-07
KCNA5,87.96469148,1.081526218,0.190118154,5.688705651,1.28E-08,4.76E-07
SHISA2,67.83307051,1.079772127,0.369119675,2.925262999,0.003441652,0.015153731
TANC1,847.8782339,1.079164193,0.146779655,7.352273653,1.95E-13,3.88E-11
GLTP,1105.162541,1.079118895,0.259011027,4.166304846,3.10E-05,0.000331827
RHOG,443.2500136,1.077930395,0.240508158,4.48188704,7.40E-06,0.000101612
COL9A3,776.030219,1.075261998,0.266509359,4.034612526,5.47E-05,0.00052734
ZDHHC9,1586.986497,1.075169963,0.257737326,4.17157259,3.03E-05,0.000326146
COL9A2,1150.17148,1.074308636,0.238142572,4.511199428,6.45E-06,9.10E-05
CLDND1,6592.298092,1.073157938,0.298696986,3.592798013,0.000327146,0.002247146
CD74,4175.912001,1.07279924,0.178232555,6.01909814,1.75E-09,8.84E-08
BTG2,1035.06056,1.071345674,0.236417167,4.53159001,5.85E-06,8.39E-05
RNASE1,2064.065061,1.070904803,0.269463658,3.974208659,7.06E-05,0.000648477
PLPP2,346.2543157,1.069863094,0.338433689,3.16121926,0.001571102,0.008091627
TSPAN18,104.0916757,1.067971434,0.230892219,4.625411114,3.74E-06,5.75E-05
AR,127.4782224,1.067840639,0.230238985,4.637966241,3.52E-06,5.47E-05
FKBP5,539.3018867,1.067489957,0.205101367,5.20469451,1.94E-07,4.71E-06
VRK2,399.6076381,1.067414279,0.329098739,3.243446881,0.001180928,0.006409173
LINC02177,58.70180301,1.064777601,0.315087309,3.379309702,0.000726681,0.00429242
IGDCC4,356.8128013,1.06411011,0.186581079,5.703204833,1.18E-08,4.44E-07
BOK,1204.491874,1.061796581,0.300326908,3.535469356,0.000407051,0.002690289
SYNGR2,547.3603394,1.061143365,0.229622159,4.621258555,3.81E-06,5.85E-05
EGR1,790.2433559,1.058653356,0.284220769,3.724757197,0.000195503,0.001485407
CCNE2,121.5944723,1.058075317,0.314885849,3.360186938,0.000778898,0.004539501
ENTPD2,98.8660413,1.055771848,0.258936138,4.077344533,4.56E-05,0.00045521
SOCS3,83.73917296,1.054909325,0.376457909,2.802197273,0.005075583,0.020813215
LINC02984,163.9400406,1.050157084,0.211927405,4.955267971,7.22E-07,1.44E-05
LINC01736,68.00456549,1.049689056,0.194902425,5.385715728,7.22E-08,2.03E-06
ADRA1A,701.0373112,1.049684579,0.237790039,4.414333678,1.01E-05,0.000130728
HHIP,2134.517282,1.049636606,0.318013938,3.300599382,0.000964785,0.005395211
DNAH9,214.5472149,1.048639889,0.265596218,3.948248572,7.87E-05,0.00070882
LRRIQ1,73.42043854,1.044177637,0.281431697,3.710234666,0.000207067,0.001557384
SSPN,874.6501728,1.044056877,0.168033545,6.213383644,5.19E-10,3.14E-08
CLMP,99.97809087,1.043730044,0.226831979,4.601335526,4.20E-06,6.33E-05
PLEKHG3,1618.525727,1.043694673,0.306872913,3.401064831,0.000671239,0.004024862
EVI2A,1659.761173,1.042454085,0.32907016,3.167877895,0.00153556,0.007941256
SHISA6,464.5566602,1.040539827,0.276147318,3.768060588,0.000164521,0.001287203
CTSH,1250.076439,1.037916051,0.190053107,5.461189595,4.73E-08,1.41E-06
LITAF,788.2545159,1.037537567,0.216555104,4.791101876,1.66E-06,2.95E-05
NFKBID,52.83363474,1.036551005,0.272376532,3.805581182,0.000141472,0.001137792
SOX8,1486.607802,1.036524274,0.265666174,3.901604247,9.56E-05,0.000827053
LPCAT2,557.0500274,1.035797774,0.142769863,7.255016924,4.02E-13,7.22E-11
VWA1,1365.170822,1.033642301,0.24901955,4.150848,3.31E-05,0.000351323
GLIPR2,275.0534332,1.033293905,0.210097219,4.918170317,8.74E-07,1.69E-05
SLC44A1,6588.743327,1.032132867,0.248836727,4.147831705,3.36E-05,0.0003555
MAL,1196.896539,1.030430347,0.26867832,3.835182334,0.000125471,0.001031461
THBS2,1297.77909,1.030276796,0.197265068,5.222804061,1.76E-07,4.33E-06
RHBDL2,108.6018449,1.030217207,0.269374223,3.824483265,0.000131047,0.001066646
SUN2,1993.829416,1.029057352,0.209515361,4.911608137,9.03E-07,1.74E-05
FRMD4B,948.0158388,1.028358198,0.307521387,3.344021724,0.000825733,0.00474656
FAM201A,84.69470324,1.0282808,0.272718858,3.770479265,0.000162934,0.001277497
PAQR4,767.061233,1.028182246,0.208188961,4.938697227,7.86E-07,1.55E-05
FABP5,233.558245,1.027864086,0.176927789,5.809511861,6.27E-09,2.59E-07
OPALIN,3890.324217,1.025940808,0.314928269,3.257696781,0.001123204,0.006139551
C21orf91,1147.941943,1.025426786,0.327239794,3.133563839,0.001726973,0.008739139
GBP3,125.886109,1.025082408,0.268891633,3.812251038,0.000137707,0.00111189
NFKBIA,887.3214815,1.02497136,0.158082333,6.48378183,8.95E-11,7.14E-09
JPT2,373.0103426,1.022575319,0.265003567,3.85872285,0.000113981,0.000953718
CD22,260.3815817,1.022086681,0.415060901,2.462498101,0.01379729,0.046353444
GCAWKR,76.74950728,1.018469949,0.338982881,3.004487859,0.002660284,0.012364076
KIF13B,2103.222056,1.018466734,0.229736108,4.433202706,9.28E-06,0.000122064
FZD7,181.0658621,1.014773021,0.202541348,5.010201782,5.44E-07,1.13E-05
ATF3,125.6927457,1.014016626,0.295346835,3.43330791,0.000596265,0.003669537
MATN2,580.0073715,1.013443028,0.184734116,5.485954889,4.11E-08,1.27E-06
HPN,95.78224456,1.011366877,0.326389071,3.098654239,0.001944018,0.009599406
VANGL2,250.6274957,1.011164768,0.145051914,6.971054314,3.15E-12,4.32E-10
TMC7,362.1287512,1.010096002,0.282075328,3.580944169,0.000342355,0.002333173
BEST1,307.6805983,1.009415941,0.215494125,4.684192392,2.81E-06,4.54E-05
PCDHGB7,267.7407365,1.008574074,0.13562436,7.43652598,1.03E-13,2.28E-11
TFEB,364.2470308,1.008348438,0.24726274,4.078044427,4.54E-05,0.000453987
ITGAX,269.209949,1.007538666,0.20263636,4.972151427,6.62E-07,1.34E-05
PLIN3,405.779414,1.006996409,0.20030014,5.027437362,4.97E-07,1.05E-05
RFFL,241.6821074,1.004336979,0.246830298,4.068937199,4.72E-05,0.000467766
SEPTIN10,731.8174761,1.004207362,0.15837867,6.340546753,2.29E-10,1.58E-08
GDPD2,118.2678261,1.003284168,0.217952834,4.603216889,4.16E-06,6.29E-05
LGALS3BP,1307.810632,1.003163491,0.16713966,6.001947663,1.95E-09,9.60E-08
LINC01608,64.1438584,1.002773085,0.352382812,2.845692389,0.004431498,0.0186161
PHLDB1,2719.033993,1.000902486,0.268689656,3.725124745,0.000195219,0.001484326
PIP4K2A,5448.913466,1.000604915,0.290744342,3.441528421,0.000578438,0.003578126
TOB2,1165.668372,1.000270253,0.141931883,7.04753741,1.82E-12,2.69E-10
NA,62.12110692,3.897880507,0.52195024,7.467915924,8.15E-14,8.17E-10
TMEM215,62.07046221,2.206742648,0.368573669,5.987249859,2.13E-09,7.60E-06
FBLN2,96.94282441,0.981063871,0.200196816,4.900496885,9.56E-07,0.001362557
SEMA4A,299.1278645,0.778038002,0.159828594,4.867952476,1.13E-06,0.001530696
CIART,112.3181881,0.795170125,0.172098127,4.620446128,3.83E-06,0.004198377
GSE1,564.0307083,0.441084024,0.097845366,4.507970515,6.55E-06,0.006910379
CNTN6,138.0077669,0.594569298,0.135347297,4.392915952,1.12E-05,0.011386548
MMD2,122.7302442,0.731590332,0.169968719,4.304264554,1.68E-05,0.016469316
P2RY13,75.19146456,1.031782174,0.252505531,4.08617653,4.39E-05,0.03571847
MYLIP,213.0081275,0.36929983,0.093620598,3.944642935,7.99E-05,0.054894364
FREM2,198.0572383,0.469911435,0.119838379,3.921209886,8.81E-05,0.057082338
ANKRD6,518.0286893,0.348495532,0.089739526,3.883411772,0.000103001,0.063288363
B3GNT5,118.3008884,0.948496729,0.245783521,3.859073735,0.000113818,0.06434662
CD83,296.612074,0.762197527,0.202887001,3.75675881,0.000172128,0.087622498
TRIB1,216.0155302,0.871251856,0.231683283,3.76052966,0.000169554,0.087622498
SNORD17,203.0554215,5.33680727,0.802143773,5.406521149,6.43E-08,0.000451854
EMP1,199.7636812,4.984122282,0.771633676,5.163230176,2.43E-07,0.000974933
SEMA5A,920.3116789,5.497276426,0.920921735,4.883451283,1.04E-06,0.002712485
ACVR1C,199.3671679,5.082785323,0.858647916,4.754900405,1.99E-06,0.00316538
JUN,1023.495215,4.237543562,0.676356807,4.786739082,1.70E-06,0.00316538
PCSK1,93.08792359,4.30550346,0.702606376,4.704630604,2.54E-06,0.003829443
EXPH5,78.50931652,3.995958077,0.642119905,4.665729955,3.08E-06,0.004167403
NNAT,293.1398231,4.458297241,0.749914242,4.611590298,4.00E-06,0.005023067
PRKCG,437.9270094,5.474754684,0.979096383,4.570290281,4.87E-06,0.005304392
GNG4,226.8224603,5.664566217,1.057262095,4.411929871,1.02E-05,0.006611409
SYT12,63.9218162,5.175120329,0.945337175,4.416540934,1.00E-05,0.006611409
ECM2,52.08879398,4.051546289,0.697487893,4.375052701,1.21E-05,0.007000829
C1S,113.4023579,4.062955046,0.70670053,4.334162658,1.46E-05,0.007210185
TLL1,67.13183108,6.523483228,1.299687809,4.249853841,2.14E-05,0.009350974
BHLHE22,96.34292298,6.750400747,1.354789486,4.244497617,2.19E-05,0.00942512
C1QL3,224.0779724,4.223792103,0.770268019,4.185286193,2.85E-05,0.010574144
PALLD,371.2437561,3.554608157,0.615911222,4.147688931,3.36E-05,0.011669867
INHBA,67.88285088,3.301326423,0.557805303,4.125680432,3.70E-05,0.01240926
N4BP2,103.639676,2.464529225,0.357576812,4.095705243,4.21E-05,0.01288501
COLEC12,142.6660169,4.526339294,0.880405675,4.005357295,6.19E-05,0.014624671
MOB1B,355.1415661,3.137760721,0.535137695,3.994786277,6.48E-05,0.014872803
MPPED1,105.4137998,5.489952598,1.127633997,3.981746391,6.84E-05,0.015377263
CFAP54,69.86638984,3.767966343,0.703247084,3.935979836,8.29E-05,0.016884951
SLC47A1,64.35370845,3.538032431,0.648468023,3.91388988,9.08E-05,0.017837126
PTER,251.8306264,3.111505012,0.544524111,3.877707102,0.000105446,0.019441435
JAG1,116.5087048,3.346540539,0.606436611,3.869391289,0.000109107,0.019594948
DDR2,333.2283894,4.308315726,0.855820193,3.865666821,0.000110786,0.019754181
PARD3,235.7715522,3.165653269,0.56178987,3.854916907,0.000115769,0.020429038
SMAD9,206.9825006,3.159595546,0.560965564,3.849782739,0.000118223,0.020443473
TCEAL9,85.18954845,3.025263565,0.527497681,3.839379086,0.000123346,0.020764241
HSPA1B,806.2588418,3.667080593,0.700008712,3.810067714,0.000138929,0.022413009
FSTL1,181.6036881,3.53822351,0.668525825,3.796747134,0.000146607,0.023511804
CALCRL,88.07234235,4.053594044,0.806565095,3.785923867,0.000153139,0.024016252
NR4A1,320.3106398,3.663473816,0.703528381,3.785879702,0.000153166,0.024016252
P2RY12,210.2141275,3.300020754,0.606965884,3.789374025,0.000151027,0.024016252
C4A,64.82584948,4.130156396,0.828583171,3.777721424,0.00015827,0.024099158
CLIC4,869.4590624,3.770540526,0.741320422,3.737305008,0.000186003,0.02624173
VGF,145.1530797,5.049798864,1.088750663,3.719675222,0.000199479,0.027469614
DNAJB4,215.6675191,3.294056206,0.621582695,3.690669358,0.000223665,0.029427111
PLCE1,198.3449893,2.888249672,0.51215585,3.686865382,0.000227033,0.029583104
DNAI4,63.39987018,3.094216771,0.569099269,3.679879568,0.000233344,0.029615545
NRSN1,192.7610002,5.226364564,1.148604111,3.679565939,0.000233631,0.029615545
JAM2,275.9337615,3.216325043,0.602370314,3.679339756,0.000233839,0.029615545
CCDC3,138.8419741,3.849732294,0.776608801,3.669456603,0.000243067,0.030499231
PLEKHG1,173.3512189,2.909563214,0.521274575,3.663257918,0.000249028,0.030679064
GRAMD2B,403.5486496,3.297306571,0.627021811,3.663838371,0.000248464,0.030679064
SV2C,83.8109173,3.828627729,0.772809078,3.660189572,0.000252029,0.030786616
LTBP1,177.5441647,3.410247361,0.6616002,3.643057181,0.000269419,0.031886734
DDN,408.2508985,5.231520223,1.163691321,3.636290954,0.000276592,0.03259335
CAV1,51.60933114,3.469212424,0.680491869,3.628570061,0.000284995,0.033294098
HYCC1,285.9284316,2.927735398,0.531734362,3.625373,0.000288545,0.033420625
GPR34,164.1441127,3.061837043,0.569133102,3.622767744,0.000291468,0.033615506
LEPR,69.91769209,3.059775636,0.568977025,3.620138503,0.000294445,0.033660919
RTP5,173.0801564,3.18686887,0.60466761,3.61664629,0.000298445,0.033844126
RND2,95.08039997,3.670791226,0.738799834,3.615040374,0.000300301,0.033912721
SLC2A5,124.1326522,2.728840218,0.479371933,3.606469423,0.000310391,0.0346195
EGR3,410.6555853,4.559309893,0.988516108,3.600659477,0.000317411,0.035257345
MSRB3,114.1836876,2.416157556,0.393714443,3.596915436,0.000322013,0.035477729
CAB39L,218.1013753,2.829020314,0.510284494,3.584314894,0.000337964,0.03620491
SGCB,353.1457453,3.400794705,0.670466737,3.580781229,0.000342568,0.036553667
SCG2,334.096984,5.221791215,1.182057335,3.571562132,0.000354858,0.037240187
BTNL9,94.06379963,3.641470553,0.743750912,3.55155269,0.000382965,0.038442625
LPL,83.21582766,4.208180682,0.904221826,3.54800182,0.000388166,0.038620788
GOLIM4,507.4631892,3.473168919,0.698513696,3.540616218,0.000399194,0.03920054
BMPR1A,175.1497175,2.867677323,0.528952366,3.530898888,0.00041415,0.03980393
GPR85,59.64324831,4.047779654,0.863495632,3.529583175,0.000416215,0.039861029
NTN1,53.2911572,2.885827525,0.53546241,3.521867248,0.000428519,0.040222653
ABCC4,147.2551533,2.594523515,0.453248664,3.517988338,0.000434831,0.040222653
CNTN5,80.28296565,5.795755351,1.3620041,3.521101993,0.000429757,0.040222653
BARD1,70.68688228,2.502988062,0.428930437,3.50403686,0.000458262,0.041660141
FNDC3A,503.6581813,3.293695121,0.656352598,3.494608123,0.000474758,0.042634741
PLEKHH2,63.13313424,3.323662104,0.665624208,3.490951916,0.000481303,0.042634741
EPS8,154.1261316,3.714505986,0.778778378,3.485594956,0.000491044,0.042724455
PAX6,165.6133259,3.498516595,0.717373057,3.482869297,0.00049607,0.042740661
PCDH11X,66.20176572,5.255315859,1.223559504,3.47781685,0.000505515,0.043220752
ARHGAP12,304.4111718,3.340328246,0.673158401,3.476638253,0.000507742,0.043274659
LDLR,305.6706042,2.595982098,0.459178013,3.475737193,0.000509451,0.043284193
PARD3B,120.5642584,3.497151504,0.720846208,3.46419455,0.000531822,0.043949771
SLC19A2,56.14726852,2.920635166,0.555408877,3.458056302,0.000544088,0.044294201
GSTM3,243.1057115,2.733131454,0.501758925,3.454111861,0.000552108,0.044535095
GMFB,681.9747862,3.161193068,0.625602928,3.454576329,0.000551158,0.044535095
MYLK,533.7609427,2.702223284,0.49386131,3.446763798,0.000567344,0.044853613
BHLHE41,395.8865779,4.194435624,0.927927073,3.442550302,0.000576257,0.04486735
TWSG1,103.5678673,2.915946405,0.556512006,3.442776406,0.000575775,0.04486735
SLC30A1,215.2157011,2.951273789,0.567209948,3.440126175,0.000581443,0.04486735
CPED1,57.73364348,2.457593961,0.424762897,3.431547275,0.000600149,0.045819226
SCARNA7,586.8675114,2.989934383,0.580419514,3.428441556,0.000607057,0.046138272
SH3BGR,60.5611101,3.040293582,0.598318464,3.410046163,0.000649519,0.047707071
YES1,184.2802622,3.230439462,0.654397461,3.408386486,0.000653483,0.047797592
RHOBTB3,923.4523132,3.596361971,0.763067451,3.402532723,0.000667644,0.048512451
TTC8,60.5931716,2.94771403,0.573668356,3.395191679,0.000685806,0.049155611
NBEAL1,180.4700119,2.73887644,0.512742323,3.391326135,0.000695553,0.04922785
BAG3,305.7686161,2.844234516,0.543824154,3.391233184,0.000695789,0.04922785
SAMD4A,372.4647338,2.931764217,0.569974339,3.389212613,0.000700936,0.049344102
MAOB,505.9333152,4.479562044,1.027406203,3.386744244,0.000707273,0.049405198
CTTNBP2NL,185.9913028,3.206906222,0.65153959,3.387217377,0.000706054,0.049405198
IL6ST,1385.694656,3.080803842,0.614570726,3.385784182,0.000709752,0.049436033
NFIA,1329.370388,3.222717586,0.656742353,3.384459027,0.000713187,0.049436033
UACA,147.0692424,3.108696447,0.623614616,3.381409595,0.00072115,0.049481816
CFAP43,55.96315164,4.082243029,0.913189414,3.375250503,0.000737485,0.049909166
NHLRC2,209.5330822,2.976736775,0.586253872,3.371810181,0.000746759,0.050097545
ITPRID2,651.5920419,3.12560371,0.631684837,3.364975039,0.000765506,0.050727395
NRP2,209.5221776,3.695055777,0.802619417,3.357825288,0.000785582,0.051305162
ADGRA3,330.6943011,3.651508334,0.791115158,3.351608559,0.000803435,0.051600729
ZCCHC12,182.5610781,4.803481652,1.134188645,3.353482392,0.000798015,0.051600729
PLXNA4,568.3728493,3.774436631,0.827104001,3.354398753,0.000795377,0.051600729
OSMR,82.68275513,4.058427694,0.913126371,3.349402439,0.000809861,0.051778816
FLT1,184.6179432,3.364911311,0.706945385,3.345253197,0.000822075,0.052179614
PKP2,53.72991567,3.033787231,0.608119993,3.344384748,0.000824653,0.052220949
ELL2,506.9539785,3.022059043,0.607047014,3.330976013,0.000865421,0.053464122
C5orf24,185.1020204,2.849206579,0.555615639,3.328211894,0.000874054,0.053813508
CNN3,634.5634717,4.090863332,0.930052595,3.323321013,0.000889525,0.054276929
S100B,1072.87403,3.283199327,0.688291157,3.317199856,0.000909246,0.054400179
DPY19L3,354.9157617,2.799687789,0.542279049,3.318748516,0.000904218,0.054400179
MFAP3L,392.6336303,3.126317372,0.640838349,3.318024546,0.000906565,0.054400179
SOX6,210.1434027,2.585252749,0.478053748,3.316055474,0.000912977,0.054418854
LARP4,265.3803323,2.734110097,0.522972411,3.315873001,0.000913573,0.054418854
TMED7,221.2490222,2.874737288,0.56576697,3.313620955,0.000920963,0.054618928
PHLDA1,159.1414603,3.126378464,0.641902152,3.312620867,0.000924262,0.054694907
CD109,100.7125971,4.020337391,0.916019259,3.297242236,0.000976393,0.056923641
RAI14,74.99089895,3.436542882,0.739473414,3.294970224,0.000984321,0.057126455
SOCS6,188.6069482,3.883320993,0.875662912,3.292729376,0.000992199,0.057270601
PKIA,395.1272733,3.271227598,0.690785639,3.287890584,0.001009411,0.057839442
PDLIM3,77.25280686,4.179907938,0.969176487,3.281041151,0.001034247,0.058166891
PDE8B,255.340138,3.524581569,0.770541113,3.276374907,0.001051489,0.0585078
PAWR,106.5857056,1.839478231,0.256084475,3.278130114,0.001044972,0.0585078
CALD1,376.4397552,2.812215874,0.555342569,3.263239619,0.001101463,0.060240389
ARC,168.2325853,4.41901008,1.047814949,3.262990364,0.001102433,0.060240389
EDN1,61.50856299,3.162154873,0.664470648,3.253950916,0.001138119,0.061447113
PON2,456.8171473,3.358450832,0.725775908,3.249557897,0.001155845,0.062046653
CSRP2,61.80122181,2.489296915,0.458316102,3.249497256,0.001156092,0.062046653
PDGFC,57.00864311,2.82624644,0.562112201,3.248900196,0.001158521,0.062054149
TMEM106B,454.6764218,2.846842126,0.570139162,3.239283057,0.001198306,0.063063464
QKI,5145.35044,3.28433019,0.705713258,3.236909842,0.001208316,0.063222243
FN1,793.2572749,3.193661124,0.677984745,3.235561185,0.001214039,0.063222243
DPY19L4,125.3608165,2.906805526,0.589600432,3.234063988,0.001220421,0.063222243
IGF2,82.32406293,3.453744494,0.758890209,3.233332655,0.00122355,0.063222243
CDK17,414.7828965,2.907792841,0.590497138,3.230824874,0.001234335,0.063601127
ITGA7,287.9234638,3.590270245,0.802084274,3.229424051,0.001240398,0.063792245
PTGS2,78.67234481,3.074581404,0.643585699,3.223473437,0.00126646,0.064763919
GAB1,601.5634276,3.163043383,0.671642366,3.2205285,0.001279545,0.064928986
CEP112,80.23704614,3.499425601,0.776035508,3.220761903,0.001278503,0.064928986
SYNM,274.0038405,3.383437592,0.741855021,3.212807793,0.001314442,0.065972829
TWF1,168.3359362,3.068663863,0.644630284,3.209070245,0.00133165,0.066223298
FHL1,451.2607449,2.644037512,0.514148344,3.197593711,0.001385794,0.06683126
NR3C2,225.251938,2.760861201,0.550641296,3.197837167,0.001384624,0.06683126
STXBP6,263.688546,4.357013397,1.04949773,3.198685714,0.001380556,0.06683126
CCDC14,206.3435047,2.585490276,0.494999583,3.203013358,0.001359977,0.06683126
MTX3,152.4665991,3.229799623,0.696944461,3.199393563,0.00137717,0.06683126
SNORC,118.1544121,2.712183645,0.53462959,3.202560574,0.001362117,0.06683126
RAB30,484.688895,2.688435071,0.529919366,3.186211298,0.001441493,0.068093861
STARD4,120.1531743,2.410794057,0.442581812,3.187645805,0.001434361,0.068093861
ARL5B,140.1138026,2.800167537,0.565005949,3.186103686,0.001442029,0.068093861
AHCYL1,2461.479831,2.371999855,0.430622528,3.186084716,0.001442124,0.068093861
DNALI1,62.58795448,3.281574139,0.716928341,3.182429833,0.001460449,0.068481918
ZBTB10,221.8392162,2.462914366,0.461357381,3.170891864,0.001519717,0.07028821
MAP4K5,336.9422865,2.778699591,0.561487628,3.167833988,0.001535792,0.07036396
PMP2,2354.480413,4.720509459,1.174550023,3.167604091,0.001537007,0.07036396
PAQR3,113.6820371,3.166529418,0.684981758,3.162900899,0.001562055,0.070560626
ARHGAP5,1982.224816,3.258042527,0.714281507,3.161278159,0.001570784,0.070836878
SETD7,536.1025004,2.823196611,0.577714285,3.155879402,0.00160015,0.071382981
EHD2,69.02585533,2.843198022,0.584315789,3.154455276,0.00160798,0.071543644
SCAMP1,396.2841683,2.547885835,0.491046892,3.152215927,0.001620364,0.071876802
BTG3,62.49442272,2.544675968,0.491529343,3.142591566,0.001674593,0.073679385
BCAR3,72.15722546,2.931658148,0.614831771,3.141766966,0.001679316,0.073767441
SC5D,275.0912468,2.693254601,0.539426238,3.138991916,0.001695301,0.074279222
SDS,60.587134,3.037573221,0.649158056,3.138793707,0.001696448,0.074279222
CHGB,687.5152439,4.328737902,1.062071367,3.134194186,0.001723268,0.074534425
PANK3,508.7318497,3.034021882,0.64875422,3.135273449,0.00171694,0.074534425
FRMD6,86.9043975,4.206846944,1.022816716,3.135309479,0.001716729,0.074534425
ITGAV,774.4272911,3.571555937,0.82157151,3.130045169,0.001747794,0.075082433
FRS2,346.5084081,3.032143375,0.649364408,3.129434489,0.001751431,0.075109241
HRK,127.3496752,2.742279709,0.557069192,3.127582234,0.001762505,0.075296775
NPTXR,1784.261878,3.414422874,0.774128732,3.118890662,0.001815333,0.076399027
USP53,357.6074997,2.381709139,0.443543548,3.115160041,0.001838451,0.076963193
CRYBG3,109.8267109,3.476264011,0.795376119,3.113324566,0.001849925,0.077136161
GSDME,81.15927879,2.9755884,0.634651964,3.112868962,0.001852783,0.077136662
TMEM200A,54.35763661,3.599105808,0.836151113,3.108416372,0.001880929,0.077949251
SLC39A14,117.7809719,2.840911615,0.593341106,3.102619381,0.001918162,0.078173728
RBMS3,85.7220869,3.257003324,0.726999127,3.104547503,0.001905703,0.078173728
ZNF680,165.6173361,2.682714286,0.542342146,3.102680291,0.001917767,0.078173728
APOLD1,639.5105715,2.175504926,0.378448507,3.106115902,0.001895624,0.078173728
ARHGEF28,84.34180592,3.225887559,0.717521742,3.10218831,0.001920957,0.078173728
PRTFDC1,120.0178214,3.432034467,0.784161302,3.101446679,0.001925776,0.078186775
MITF,80.6928943,2.673290174,0.539741947,3.100167001,0.001934116,0.078186775
GAN,632.2162693,2.70790566,0.551029196,3.099483065,0.001938587,0.078186775
RNF19A,413.8799934,2.496719556,0.483082969,3.098266037,0.001946566,0.07830477
HSPH1,1006.283409,2.846918534,0.596221628,3.09770469,0.001950257,0.07830477
TMEM65,117.1875294,2.779691683,0.5745987,3.097277601,0.001953069,0.07830477
MYO5C,66.83034338,2.416109927,0.457823611,3.093134328,0.001980545,0.078823351
MTHFD2L,70.31428759,2.725075245,0.557703682,3.093175287,0.001980271,0.078823351
WDFY3-AS2,108.4267665,2.898165037,0.613911226,3.091921042,0.001988657,0.078851541
PALS2,514.397854,3.126606744,0.688313135,3.089591985,0.002004316,0.079072758
PTBP2,292.6963985,3.018952471,0.653875377,3.087671662,0.002017312,0.07923944
GUCY1A1,166.9378854,3.128083167,0.689612394,3.085912008,0.002029289,0.079250447
PRKG1,102.7269254,3.98360944,0.966720013,3.086322204,0.002026491,0.079250447
RNF217,102.2363021,3.183634166,0.708056289,3.083983856,0.002042487,0.079468992
TPD52L1,146.9194333,3.489325732,0.807714107,3.081939154,0.002056569,0.079627402
ADAMTS1,206.422373,3.224868128,0.721865786,3.082107744,0.002055404,0.079627402
IGSF10,76.72567218,4.447353932,1.119598951,3.079097143,0.00207629,0.080002136
NRP1,210.4234328,3.348423283,0.763401636,3.07626179,0.002096137,0.080242381
PARVA,141.4372267,3.312174546,0.751432375,3.077022793,0.002090793,0.080242381
ATP13A3,336.6171346,2.930868838,0.627936814,3.074941291,0.00210544,0.080371463
IQCK,98.93064144,2.743085029,0.567803851,3.069871801,0.002141507,0.080929607
COL21A1,68.45960938,4.754945771,1.224665267,3.06609967,0.00216871,0.081523647
BCKDHB,155.843383,2.389339955,0.453280233,3.065079511,0.002176121,0.081543319
ZHX1,410.0107447,2.464191307,0.477673009,3.065258616,0.002174819,0.081543319
PEAK1,617.815242,2.775696698,0.579674359,3.0632659,0.002189354,0.081732878
FBXO30,211.9520425,2.56071286,0.510658311,3.056276233,0.002241047,0.082750808
PTAR1,466.6738029,2.708263242,0.559079004,3.05549525,0.002246892,0.082802413
ST6GALNAC3,111.4256208,2.763554876,0.577908728,3.051614885,0.002276139,0.083140435
ZNF273,85.54973082,2.490921545,0.488815868,3.050067814,0.002287897,0.083457433
HEY2,54.56897994,3.129194098,0.699123122,3.045520926,0.002322776,0.083840397
SKIL,456.8218398,2.336252008,0.438568153,3.046851437,0.00231252,0.083840397
FADS1,631.9046053,2.462675216,0.480246691,3.045674741,0.002321588,0.083840397
RBP1,63.16139531,2.944609156,0.638793571,3.044190244,0.002333076,0.083975227
PRKCA,1536.772728,2.778798932,0.585563434,3.037756169,0.002383467,0.084998833
FSD1L,190.1008214,3.351840185,0.774620517,3.036119147,0.002396446,0.085237386
ERBIN,1516.378313,2.708806024,0.563059893,3.034856586,0.002406501,0.085482822
IQCA1,101.0716956,2.971428659,0.649897602,3.033445045,0.002417787,0.085659206
PTGR1,99.70444219,3.146083717,0.709495248,3.024803511,0.002487947,0.08700752
GPC4,75.42732792,3.797057746,0.924889003,3.024209106,0.002492841,0.087066317
NR4A3,185.4143724,4.54120039,1.172099174,3.021246384,0.002517364,0.087696818
USP6NL,141.2430145,2.230949131,0.407905545,3.017730814,0.00254675,0.088266713
JMY,303.752997,2.453220027,0.48171193,3.016782305,0.002554732,0.088430273
RASD1,286.6428538,3.248759803,0.745674128,3.015740683,0.002563524,0.088575949
SOCS4,235.2928886,2.693052515,0.561448198,3.015509752,0.002565477,0.088575949
QSER1,355.2178096,3.016261303,0.669226707,3.012822532,0.002588302,0.088878287
SMAD5,275.9533007,2.40788466,0.467221266,3.013314597,0.002584109,0.088878287
EVC,52.89404989,2.755334994,0.58325849,3.009531833,0.002616507,0.089365337
TCF12,483.0899697,2.741093763,0.57856012,3.009356683,0.002618016,0.089365337
RAP2A,516.3398217,2.804691842,0.600123916,3.007198668,0.002636674,0.089579863
FGD4,426.8802307,2.458707905,0.485087762,3.007101023,0.002637521,0.089579863
ATG2B,388.8674206,2.5829585,0.527014227,3.003635231,0.00266775,0.089702764
SDC4,499.9004511,3.233698222,0.74382805,3.002976592,0.00267353,0.089702764
STON2,613.9024744,3.404241926,0.800149367,3.004741396,0.002658067,0.089702764
PTPN14,223.8994043,2.685975912,0.561243102,3.004002911,0.002664528,0.089702764
WNK3,117.9718057,2.925124531,0.640622348,3.005084877,0.002655067,0.089702764
ANKIB1,668.2240184,2.715491844,0.572752492,2.995171332,0.002742907,0.09062992
PER3,269.8297409,3.055592459,0.686157337,2.995803366,0.002737229,0.09062992
ME1,111.911851,2.923680367,0.641646564,2.998037353,0.002717244,0.09062992
FAM199X,484.8405665,3.064150061,0.68910557,2.995404698,0.002740809,0.09062992
MBNL2,706.1647508,3.149875704,0.718052573,2.994036628,0.002753129,0.090665921
PTGFRN,92.43577566,2.848189419,0.618433928,2.988499396,0.002803511,0.090998259
SERPINE2,461.535915,3.447697044,0.818759397,2.98951933,0.002794168,0.090998259
CEP170,460.9776841,2.948620614,0.652034573,2.988523453,0.00280329,0.090998259
PDE7B,73.4749792,2.905404965,0.637495727,2.988890567,0.002799924,0.090998259
ZDHHC21,286.4699528,2.448919737,0.484432734,2.990961667,0.002781004,0.090998259
SESTD1,505.9226022,2.669629179,0.558481928,2.989584972,0.002793567,0.090998259
FAM167A,208.5106141,3.35365989,0.78778315,2.987700218,0.002810851,0.091106944
PIKFYVE,432.4898241,2.591781886,0.533098008,2.985908526,0.002827372,0.091118032
ZBTB38,502.0999744,2.711916699,0.574102613,2.981900204,0.002864654,0.091787609
CLCN3,739.87749,2.645937393,0.552219147,2.980587328,0.002876962,0.091842521
NEK7,318.0320152,2.845696928,0.619095408,2.981280277,0.002870459,0.091842521
RIN2,331.1849915,2.856532895,0.623843549,2.975959116,0.002920738,0.092477525
PPP2CB,770.9918159,2.393515181,0.468449498,2.974739403,0.002932375,0.092737656
MAGI2-AS3,236.474193,3.60323104,0.875569543,2.973185925,0.002947259,0.092991328
EPB41L2,984.8539497,3.047893102,0.689407559,2.97051153,0.002973042,0.093586956
REV3L,444.7078763,2.701677725,0.573509679,2.967129917,0.003005939,0.093938218
NRN1,349.0633945,3.537361799,0.855435393,2.966164154,0.003015395,0.093938218
ZC3H12C,225.5808625,3.784652001,0.939461131,2.964094959,0.003035746,0.0943553
KLHL2,442.2903243,2.721807025,0.581067964,2.963176655,0.003044818,0.094428208
CNKSR3,122.5050962,3.530394072,0.854334828,2.961829471,0.003058171,0.094510388
SAMD8,598.6581057,2.610153608,0.543823041,2.96080432,0.003068368,0.094717521
AP1AR,84.4421716,2.831512262,0.61915542,2.958081612,0.003095602,0.095124817
PALS1,379.7237661,2.466586958,0.496047207,2.956547152,0.003111047,0.095185451
BMI1,119.0166366,2.540832167,0.521017316,2.957353084,0.003102926,0.095185451
DSEL,246.2011789,2.784061908,0.603439171,2.956490053,0.003111623,0.095185451
RASGRF2,326.5011922,2.413262757,0.478123762,2.955851329,0.003118074,0.095251522
ID1,56.83225071,3.701144546,0.914281763,2.954389616,0.003132882,0.095297983
MLF1,55.35468902,2.844781736,0.624375219,2.954604345,0.003130703,0.095297983
CCND1,136.2515102,2.898674763,0.643303483,2.951444866,0.00316291,0.095995914
PIK3C2A,616.2718114,2.248705507,0.423362635,2.949493896,0.003182949,0.096280643
MSMO1,308.2200498,2.431931802,0.485929618,2.946788483,0.003210928,0.0966953
RAB23,76.57915431,3.937464426,0.996790032,2.946923958,0.003209521,0.0966953
SPRY2,154.594555,3.347554225,0.797441205,2.943858695,0.00324148,0.097291054
SECISBP2L,1501.629379,2.864681311,0.633351016,2.944151447,0.003238415,0.097291054
TMEM135,101.129885,2.656838381,0.563668062,2.939386658,0.003288625,0.097737348
MMD,394.9421605,2.743701273,0.593808407,2.936471181,0.003319697,0.098439538
SEMA3C,199.1604679,3.289589444,0.780219044,2.934546985,0.00334035,0.09862037
LANCL1,1065.43182,2.880960734,0.640835079,2.935171305,0.003333636,0.09862037
MAN2A1,947.9993172,2.885408708,0.64316642,2.931447676,0.003373862,0.098962966
HSPA13,236.8031704,2.911172559,0.651791438,2.932184203,0.00336587,0.098962966
EXOC5,366.1416948,2.545197399,0.527252384,2.930659862,0.003382429,0.098972533
CFAP97,176.8475855,2.412155446,0.481921313,2.93026145,0.003386769,0.098972533
MBLAC2,64.23063185,2.820628893,0.621649012,2.928708738,0.003403732,0.099195
MEGF11,134.0123999,2.77900256,0.608099782,2.925510931,0.003438911,0.099863901